Name,Passing Yards,Rushing Yards,Receiving Yards,Receptions,Touchdowns,Passing TDS,Interceptions
Daniel Jones,214.43181818181816,28.909090909090907,,,310.0,0.29411764705882354,0.5454545454545454
Justin Herbert,253.89545454545453,12.5,,,700.0,1.2000000000000002,0.45454545454545453
Gardner Minshew,224.25,6.5,,,1000.0,1.0344827586206897,0.4727272727272727
Sam Darnold,241.97727272727275,9.931818181818182,,,550.0,1.0714285714285714,0.5590909090909091
Bryce Young,226.70454545454547,12.522727272727272,,,600.0,1.0227272727272727,0.4772727272727273
Trevor Lawrence,301.29545454545456,17.613636363636367,,,480.0,0.8823529411764706,0.6136363636363636
Derek Carr,218.26363636363635,1.6363636363636362,,,1100.0,1.3636363636363635,0.5227272727272727
Geno Smith,249.3409090909091,9.5,,,550.0,1.4318181818181819,0.5
Bo Nix,208.5681818181818,19.5,,,550.0,0.2857142857142857,0.6136363636363636
Jared Goff,265.5,0.4909090909090909,,,900.0,2.1136363636363638,0.45454545454545453
Matthew Stafford,294.0,0.5,,,1200.0,0.75,0.6363636363636364
Jayden Daniels,221.11363636363635,44.79545454545455,,,245.0,0.37037037037037035,0.5909090909090909
Baker Mayfield,255.61363636363635,7.5,,,550.0,1.7045454545454546,0.5909090909090909
Dak Prescott,273.3954545454545,12.5,,,850.0,1.25,0.6590909090909091
Deshaun Watson,210.95238095238093,21.5,,,475.0,1.2000000000000002,0.6136363636363636
Tua Tagovailoa,278.6136363636364,2.8863636363636362,,,750.0,1.9090909090909092,0.5
Will Levis,260.79545454545456,8.422727272727274,,,600.0,1.0344827586206897,0.6363636363636364
Jalen Hurts,256.9318181818182,39.20454545454545,,,105.0,1.3636363636363635,0.5
Josh Allen,244.5,34.36363636363636,,,-110.0,1.7045454545454546,0.4818181818181818
Kyler Murray,232.61363636363635,32.93181818181818,,,1900.0,1.25,0.5590909090909091
Jordan Love,265.02272727272725,6.6499999999999995,,,600.0,1.977272727272727,0.5909090909090909
Lamar Jackson,235.09090909090907,50.52272727272727,,,265.0,1.0344827586206897,0.4772727272727273
Brock Purdy,234.5,7.09090909090909,,,1000.0,1.5,0.5
Patrick Mahomes,286.1409090909091,21.43181818181818,,,475.0,2.577272727272727,0.5227272727272727
Joe Burrow,255.61363636363635,8.113636363636363,,,700.0,1.772727272727273,0.4772727272727273
Jacoby Brissett,204.5,11.931818181818183,,,900.0,0.8636363636363636,0.5590909090909091
Anthony Richardson,265.70454545454544,45.47727272727273,,,140.0,0.967741935483871,0.5681818181818182
Caleb Williams,225.4909090909091,18.150000000000002,,,340.0,0.23809523809523808,0.5909090909090909
C.J. Stroud,313.06818181818187,7.840909090909091,,,550.0,2.3181818181818183,0.5227272727272727
Russell Wilson,233.40909090909093,16.909090909090907,,,600.0,0.8108108108108109,0.5
Kirk Cousins,248.29545454545453,3.5,,,1000.0,1.5,0.5454545454545454
Justin Fields,197.0681818181818,45.5,,,250.0,1.1363636363636365,0.6136363636363636
Aaron Rodgers,234.5,2.2727272727272725,,,1600.0,1.282051282051282,-111.92727272727272
Jonathan Taylor,,73.5,13.295454545454547,1.8796992481203008,110.0,,
Christian McCaffrey,,71.5,35.5,4.213636363636364,-165.0,,
Kenneth Walker,,77.93181818181819,10.977272727272727,2.1818181818181817,105.0,,
Saquon Barkley,,65.5,15.5,2.3863636363636367,105.0,,
Derrick Henry,,72.15909090909092,7.09090909090909,1.25,-110.0,,
Breece Hall,,63.5,30.06818181818182,5.25,125.0,,
Bijan Robinson,,66.38636363636364,26.659090909090907,4.040909090909091,-105.0,,
Josh Jacobs,,64.29545454545455,16.76818181818182,2.7045454545454546,115.0,,
James Cook,,66.0,18.75,2.6136363636363633,2700.0,,
Joe Mixon,,58.36363636363636,14.113636363636363,2.0833333333333335,120.0,,
Kyren Williams,,62.20454545454545,14.113636363636363,1.984126984126984,-110.0,,
Isiah Pacheco,,66.47727272727273,16.213636363636365,2.727272727272727,110.0,,
David Montgomery,,54.5,6.5,1.153846153846154,-105.0,,
Travis Etienne,,58.5,19.5,3.75,125.0,,
Zamir White,,74.9090909090909,9.272727272727272,1.8409090909090908,200.0,,
Rachaad White,,60.11363636363636,22.177272727272726,2.8000000000000003,105.0,,
Chuba Hubbard,,56.97727272727273,12.545454545454545,2.4545454545454546,145.0,,
Aaron Jones,,51.06818181818182,14.113636363636363,2.0,145.0,,
James Conner,,50.11363636363637,11.5,2.25,175.0,,
Jahmyr Gibbs,,52.02272727272727,21.477272727272727,3.6363636363636367,105.0,,
De'Von Achane,,57.75000000000001,24.431818181818183,4.068181818181818,120.0,,
Devin Singletary,,50.5,9.5,2.25,170.0,,
Najee Harris,,58.52272727272728,7.09090909090909,1.977272727272727,215.0,,
Javonte Williams,,52.79545454545455,16.909090909090907,3.4090909090909087,210.0,,
Alvin Kamara,,51.87727272727273,28.5,3.75,120.0,,
Jerome Ford,,63.40909090909091,14.895454545454546,2.380952380952381,150.0,,
Rhamondre Stevenson,,48.5,13.590909090909092,2.0,230.0,,
Gus Edwards,,54.61363636363637,4.704545454545454,1.0714285714285714,250.0,,
Zack Moss,,48.39545454545455,9.5,1.977272727272727,150.0,,
Raheem Mostert,,42.47727272727273,6.204545454545455,1.3157894736842104,125.0,,
Tony Pollard,,43.69090909090909,11.227272727272728,2.3181818181818183,180.0,,
D'Andre Swift,,48.54545454545454,13.26818181818182,2.3181818181818183,165.0,,
Brian Robinson,,44.43181818181818,8.181818181818182,1.6363636363636362,285.0,,
J.K. Dobbins,,36.54545454545454,9.272727272727272,1.5954545454545457,225.0,,
Tyjae Spears,,34.659090909090914,14.795454545454547,2.2727272727272725,350.0,,
Chase Brown,,33.195454545454545,13.5,1.7857142857142858,275.0,,
Rico Dowdle,,26.659090909090907,8.181818181818182,1.5,400.0,,
Ezekiel Elliott,,32.93181818181818,8.181818181818182,1.7045454545454546,225.0,,
Khalil Herbert,,26.5,4.704545454545454,0.8823529411764706,325.0,,
Ty Chandler,,30.250000000000004,6.5,1.1029411764705883,390.0,,
Tyler Allgeier,,29.795454545454543,0.0,,260.0,,
Jaylen Warren,,28.909090909090907,13.06818181818182,5.25,300.0,,
Austin Ekeler,,26.659090909090907,22.704545454545453,3.2954545454545454,250.0,,
Zach Charbonnet,,25.5,9.931818181818182,1.7045454545454546,250.0,,
Jamaal Williams,,23.072727272727274,3.818181818181818,0.9090909090909092,280.0,,
Blake Corum,,24.5,5.5,0.9375,350.0,,
Jaleel McLaughlin,,24.5,15.159090909090908,2.0,450.0,,
Miles Sanders,,21.27272727272727,2.6136363636363633,,400.0,,
Antonio Gibson,,17.904545454545456,13.068181818181818,1.7482517482517481,500.0,,
Trey Benson,,18.5,0.0,,3900.0,,
Alexander Mattison,,17.25,,,650.0,,
Emanuel Wilson,,15.5,,,425.0,,
Kenneth Gainwell,,11.931818181818182,4.295454545454546,,1000.0,,
Rasheen Ali,,0.1388888888888889,,,1400.0,,
Bucky Irving,,20.386363636363637,6.795454545454545,,425.0,,
Ray Davis,,18.0,0.0,,4500.0,,
Taysom Hill,,15.818181818181817,8.181818181818182,,210.0,,
Tank Bigsby,,16.204545454545453,,,550.0,,
Braelon Allen,,15.5,,,850.0,,
Justice Hill,,14.5,9.204545454545455,1.6363636363636362,700.0,,
Deebo Samuel,,10.363636363636363,48.5,4.411764705882352,165.0,,
Ty Johnson,,11.5,,,4500.0,,
Samaje Perine,,7.840909090909091,8.181818181818182,1.3043478260869565,750.0,,
Noah Brown,,,0.0,3.522727272727273,600.0,,
DeAndre Hopkins,,,44.67272727272727,4.136363636363637,260.0,,
Alec Pierce,,,30.222727272727273,2.1929824561403506,390.0,,
Javon Baker,,,5.0,,2000.0,,
JuJu Smith-Schuster,,,5.5,1.1904761904761905,800.0,,
Chig Okonkwo,,,25.5,2.8409090909090913,500.0,,
Treylon Burks,,,0.0,0.9375,750.0,,
Kalif Raymond,,,23.222727272727273,2.1818181818181817,500.0,,
Davis Allen,,,6.818181818181818,1.1090909090909091,1600.0,,
Trey Palmer,,,10.977272727272727,,500.0,,
Jaelon Darden,,,0.5,0.37037037037037035,1800.0,,
DJ Chark,,,24.354545454545455,,450.0,,
Mecole Hardman,,,9.5,1.1363636363636365,1600.0,,
Tyreek Hill,,,105.27272727272727,8.863636363636363,-125.0,,
Amon-Ra St.,,,88.9090909090909,6.521739130434782,110.0,,
Justin Jefferson,,,81.5,6.19047619047619,135.0,,
CeeDee Lamb,,,95.13636363636364,8.272727272727273,125.0,,
Puka Nacua,,,76.05000000000001,7.499999999999999,140.0,,
Nico Collins,,,71.45454545454545,4.741379310344827,190.0,,
A.J. Brown,,,73.70454545454545,6.0,135.0,,
Garrett Wilson,,,68.5,6.75,160.0,,
Mike Evans,,,67.5,5.5227272727272725,140.0,,
Davante Adams,,,73.63636363636363,7.0,190.0,,
Cooper Kupp,,,77.4090909090909,7.0,140.0,,
Michael Pittman,,,78.27272727272727,7.0,195.0,,
Jaylen Waddle,,,66.0,4.4,160.0,,
Chris Olave,,,67.43181818181817,5.238095238095238,175.0,,
Rashee Rice,,,64.36818181818181,6.250000000000001,175.0,,
Marvin Harrison,,,66.0,4.782608695652174,1100.0,,
Malik Nabers,,,62.72727272727272,6.954545454545454,185.0,,
DK Metcalf,,,61.15909090909091,4.909090909090908,165.0,,
DJ Moore,,,62.20454545454545,5.931818181818182,175.0,,
Stefon Diggs,,,61.159090909090914,5.6045454545454545,200.0,,
Drake London,,,63.25,6.177272727272728,175.0,,
Ja'Marr Chase,,,64.9090909090909,5.5,140.0,,
Terry McLaurin,,,64.9090909090909,5.931818181818182,240.0,,
Travis Kelce,,,62.150000000000006,7.0,130.0,,
DeVonta Smith,,,66.47727272727273,5.5227272727272725,195.0,,
Tee Higgins,,,0.0,,175.0,,
Amari Cooper,,,61.63636363636363,3.879310344827586,195.0,,
Chris Godwin,,,60.04090909090909,6.3,220.0,,
Calvin Ridley,,,58.95909090909091,4.090909090909091,260.0,,
Christian Kirk,,,58.36363636363636,5.318181818181818,185.0,,
Diontae Johnson,,,57.586363636363636,4.5,333.0,,
Tank Dell,,,59.52272727272727,4.422727272727273,280.0,,
Sam LaPorta,,,57.272727272727266,4.4,155.0,,
George Pickens,,,51.96818181818182,5.090909090909091,220.0,,
Joshua Palmer,,,54.25,4.704545454545454,240.0,,
Zay Flowers,,,53.840909090909086,4.909090909090908,235.0,,
Keenan Allen,,,55.84090909090909,4.704545454545454,235.0,,
Dalton Kincaid,,,50.5,6.340909090909092,3800.0,,
Brandon Aiyuk,,,48.5,3.9772727272727275,200.0,,
Trey McBride,,,50.70454545454545,6.545454545454546,1200.0,,
Mark Andrews,,,48.5,4.411764705882352,200.0,,
Courtland Sutton,,,47.5,4.613636363636363,240.0,,
Jaxon Smith-Njigba,,,46.52272727272727,3.75,220.0,,
George Kittle,,,45.272727272727266,4.454545454545454,200.0,,
Jordan Addison,,,46.75000000000001,3.818181818181818,285.0,,
Evan Engram,,,48.54545454545454,4.782608695652174,175.0,,
Kyle Pitts,,,46.74090909090909,5.8545454545454545,200.0,,
Tyler Lockett,,,45.5,4.454545454545454,255.0,,
Khalil Shakir,,,44.5,3.5,230.0,,
Xavier Worthy,,,47.45454545454545,3.043478260869565,265.0,,
Brian Thomas,,,43.38636363636363,3.340909090909091,280.0,,
Jayden Reed,,,44.14090909090909,4.1045454545454545,210.0,,
Rome Odunze,,,38.659090909090914,3.309090909090909,300.0,,
David Njoku,,,44.43181818181818,4.326923076923077,240.0,,
Jameson Williams,,,42.61363636363637,4.090909090909091,260.0,,
Christian Watson,,,39.20454545454545,2.916666666666667,220.0,,
Andrei Iosivas,,,44.18181818181818,3.818181818181818,333.0,,
Romeo Doubs,,,40.25,2.9661016949152543,245.0,,
Jake Ferguson,,,43.090909090909086,3.75,245.0,,
Jerry Jeudy,,,41.477272727272734,3.1818181818181817,330.0,,
Gabe Davis,,,37.5,3.6363636363636367,350.0,,
Jakobi Meyers,,,41.65,3.3727272727272726,300.0,,
Brandin Cooks,,,46.02272727272727,3.333333333333333,350.0,,
Dallas Goedert,,,38.5,3.9130434782608696,250.0,,
Adam Thielen,,,39.20454545454545,4.1045454545454545,360.0,,
Rashid Shaheed,,,40.09090909090909,3.522727272727273,275.0,,
DeMario Douglas,,,38.404545454545456,3.309090909090909,450.0,,
Darnell Mooney,,,30.84090909090909,3.2954545454545454,325.0,,
Ladd McConkey,,,38.72727272727273,3.8636363636363633,300.0,,
Adonai Mitchell,,,37.11363636363636,3.5,400.0,,
Dalton Schultz,,,32.28181818181818,3.043478260869565,250.0,,
Brock Bowers,,,33.97727272727273,3.309090909090909,350.0,,
Keon Coleman,,,32.5,2.9545454545454546,4500.0,,
Rashod Bateman,,,32.18181818181818,2.5681818181818183,500.0,,
Demarcus Robinson,,,27.142857142857142,2.0,425.0,,
Quentin Johnston,,,30.5,2.0833333333333335,450.0,,
Ja'Lynn Polk,,,32.75,2.3636363636363638,600.0,,
Josh Reynolds,,,31.250000000000004,2.5,475.0,,
Tyler Conklin,,,28.5,2.413793103448276,425.0,,
Wan'Dale Robinson,,,29.631818181818183,3.333333333333333,450.0,,
Noah Fant,,,29.795454545454543,3.75,450.0,,
Dontayvion Wicks,,,28.5,2.380952380952381,450.0,,
Hunter Henry,,,28.75,3.2954545454545454,500.0,,
Pat Freiermuth,,,28.84090909090909,3.0681818181818183,400.0,,
Curtis Samuel,,,29.999999999999996,3.6363636363636367,4500.0,,
Michael Wilson,,,28.75,2.5,500.0,,
Trenton Irwin,,,27.5,2.5,1000.0,,
Mike Williams,,,26.5,2.2727272727272725,290.0,,
Cade Otton,,,27.818181818181817,3.0227272727272725,285.0,,
Tyler Boyd,,,27.122727272727275,2.5227272727272725,500.0,,
Zach Ertz,,,26.590909090909093,3.2954545454545454,425.0,,
Luke Musgrave,,,26.504545454545454,2.8409090909090913,360.0,,
K.J. Osborn,,,25.16818181818182,1.7985611510791366,750.0,,
Greg Dortch,,,27.840909090909093,3.0681818181818183,3000.0,,
Darius Slayton,,,25.56818181818182,2.3727272727272726,600.0,,
Jonnu Smith,,,27.772727272727273,2.1929824561403506,325.0,,
Colby Parkinson,,,25.613636363636363,2.5,375.0,,
Juwan Johnson,,,24.5,2.6136363636363633,425.0,,
Jalen McMillan,,,24.5,2.0,500.0,,
Cole Kmet,,,23.650000000000002,2.2954545454545454,330.0,,
Kylen Granson,,,20.386363636363637,1.7123287671232876,475.0,,
Mike Gesicki,,,21.5,2.0,450.0,,
Johnny Mundt,,,22.363636363636363,2.5,550.0,,
Greg Dulcich,,,21.43181818181818,2.0833333333333335,500.0,,
Ja'Tavion Sanders,,,20.5,2.1739130434782608,550.0,,
Jalin Hyatt,,,21.27272727272727,1.977272727272727,500.0,,
Jalen Tolbert,,,21.095454545454544,2.25,750.0,,
Elijah Moore,,,19.34090909090909,2.0999999999999996,550.0,,
Van Jefferson,,,20.35,1.772727272727273,500.0,,
Dyami Brown,,,19.5,1.9090909090909092,650.0,,
Hayden Hurst,,,19.67727272727273,2.232142857142857,550.0,,
Jauan Jennings,,,17.5,2.1136363636363638,475.0,,
Cedrick Wilson,,,18.5,1.9090909090909092,900.0,,
Ray-Ray McCloud,,,15.095454545454546,1.5136363636363637,650.0,,
Nelson Agholor,,,18.0,1.772727272727273,850.0,,
Olamide Zaccheaus,,,17.5,1.6363636363636362,800.0,,
Will Dissly,,,16.386363636363637,2.522727272727273,475.0,,
Jalen Nailor,,,18.45909090909091,1.772727272727273,750.0,,
Marvin Mims,,,18.75,2.1136363636363638,600.0,,
Justin Watson,,,15.5,1.0714285714285714,650.0,,
Theo Johnson,,,17.25,2.2227272727272727,900.0,,
Isaiah Likely,,,17.25,1.8409090909090908,600.0,,
Jonathan Mingo,,,16.5,1.977272727272727,600.0,,
Jahan Dotson,,,15.5,1.5,650.0,,
Michael Mayer,,,14.795454545454547,1.9090909090909092,550.0,,
Tre Tucker,,,16.47727272727273,1.4285714285714284,900.0,,
Xavier Legette,,,14.895454545454546,1.4318181818181819,600.0,,
Tucker Kraft,,,14.5,1.977272727272727,500.0,,
Braxton Berrios,,,14.113636363636363,1.4705882352941175,700.0,,
Gerald Everett,,,13.068181818181818,1.5681818181818181,500.0,,
Dawson Knox,,,13.636363636363635,1.5681818181818181,3700.0,,
Noah Gray,,,11.74090909090909,1.5,1000.0,,
Cedric Tillman,,,11.5,1.6363636363636362,800.0,,
Tyquan Thornton,,,11.16818181818182,,1100.0,,
Austin Hooper,,,10.977272727272727,1.25,1200.0,,
Daniel Bellinger,,,10.5,1.5,650.0,,
KhaDarel Hodge,,,9.931818181818182,,850.0,,
Adam Trautman,,,8.5,,700.0,,
Josh Oliver,,,8.181818181818182,0.986842105263158,800.0,,
Brevin Jordan,,,7.840909090909091,,750.0,,
Foster Moreau,,,6.5,,1400.0,,
Luke Schoonmaker,,,0.0,,1500.0,,
Kyle Juszczyk,,,3.1818181818181817,,1400.0,,
Jordan Hicks,,,,,7500.0,,
Andrew Booth,,,,,15000.0,,
Peyton Hendershot,,,,,2250.0,,
James Proche,,,,,2500.0,,
Devin Bush,,,,,15000.0,,
Donovan Wilson,,,,,6000.0,,
Ronnie Hickman,,,,,15000.0,,
DeMarcus Lawrence,,,,,10000.0,,
Chauncey Golston,,,,,15000.0,,
Rodney McLeod,,,,,15000.0,,
Coby Bryant,,,,,10000.0,,
Baron Browning,,,,,10000.0,,
Tyrel Dodson,,,,,6000.0,,
Pat Surtain,,,,,4000.0,,
K'Von Wallace,,,,,10000.0,,
Zach Allen,,,,,15000.0,,
Ja'Quan McMillian,,,,,5000.0,,
Levi Wallace,,,,,10000.0,,
Derick Hall,,,,,10000.0,,
Boye Mafe,,,,,7500.0,,
P.J. Locke,,,,,5000.0,,
Cody Barton,,,,,5000.0,,
Grant Delpit,,,,,6000.0,,
Denzel Ward,,,,,6000.0,,
Trevon Diggs,,,,,6000.0,,
Dalvin Tomlinson,,,,,15000.0,,
Tony Fields,,,,,15000.0,,
Shelby Harris,,,,,15000.0,,
Alex Wright,,,,,15000.0,,
Myles Garrett,,,,,10000.0,,
Jordan Phillips,,,,,15000.0,,
Cameron Mitchell,,,,,15000.0,,
Za'Darius Smith,,,,,15000.0,,
Osa Odighizuwa,,,,,15000.0,,
Juan Thornhill,,,,,6000.0,,
Jeremiah Owusu-Koramoah,,,,,3000.0,,
Eric Kendricks,,,,,5000.0,,
Caelen Carson,,,,,4000.0,,
Jourdan Lewis,,,,,4000.0,,
Micah Parsons,,,,,15000.0,,
Damone Clark,,,,,5000.0,,
Greg Newsome,,,,,4000.0,,
Israel Mukuamu,,,,,15000.0,,
Malik Hooker,,,,,5000.0,,
Martin Emerson,,,,,3000.0,,
Brandon Jones,,,,,7500.0,,
Riq Woolen,,,,,6000.0,,
Messiah Swinson,,,,,1400.0,,
LaBryan Ray,,,,,15000.0,,
Bryan Bresee,,,,,15000.0,,
Feleipe Franks,,,,,1800.0,,
Allen Robinson,,,,,1700.0,,
Jalen Guyton,,,,,1200.0,,
Donald Parham,,,,,475.0,,
Kristian Wilkerson,,,,,1700.0,,
Jack Stoll,,,,,1500.0,,
Jordan Matthews,,,,,900.0,,
Chase Young,,,,,15000.0,,
Elijah Cooks,,,,,2200.0,,
Odell Beckham,,,,,600.0,,
Hassan Haskins,,,,,1000.0,,
Keilan Robinson,,,,,2200.0,,
Erik Ezukanma,,,,,650.0,,
Jonathon Brooks,,,,,450.0,,
Equanimeous St.,,,,,1700.0,,
Terrace Marshall,,,,,850.0,,
Kendre Miller,,,,,750.0,,
Blake Watson,,,,,1300.0,,
Alex Singleton,,,,,6000.0,,
Dee Eskridge,,,,,1200.0,,
Jarran Reed,,,,,15000.0,,
Riley Moss,,,,,6000.0,,
Devon Witherspoon,,,,,3000.0,,
Tre Brown,,,,,7500.0,,
Jerome Baker,,,,,7500.0,,
Devon Key,,,,,15000.0,,
Julian Love,,,,,2500.0,,
Tim Patrick,,,,,1400.0,,
Jonathon Cooper,,,,,10000.0,,
Leonard Williams,,,,,15000.0,,
Kyle Philips,,,,,1500.0,,
Dre'Mont Jones,,,,,15000.0,,
Lil'Jordan Humphrey,,,,,4500.0,,
George Holani,,,,,1900.0,,
Brandon Johnson,,,,,1900.0,,
Michael Burton,,,,,2200.0,,
Ogbo Okoronkwo,,,,,15000.0,,
Aidan Hutchinson,,,,,10000.0,,
James Mitchell,,,,,2000.0,,
Tom Kennedy,,,,,4500.0,,
Donovan Peoples-Jones,,,,,950.0,,
Boston Scott,,,,,1300.0,,
Carlton Davis,,,,,5000.0,,
Brian Branch,,,,,4000.0,,
D'Onta Foreman,,,,,475.0,,
A.T. Perry,,,,,600.0,,
New Orleans,,,,,450.0,,
Malik Washington,,,,,600.0,,
Jacksonville Defense,,,,,550.0,,
Minnesota Defense,,,,,500.0,,
LA Rams,,,,,450.0,,
Miami Defense,,,,,450.0,,
Jake Bobo,,,,,650.0,,
Kameron Johnson,,,,,1700.0,,
Tyrone Tracy,,,,,550.0,,
Tampa Bay,,,,,550.0,,
Seattle Defense,,,,,500.0,,
Eric Gray,,,,,1000.0,,
Tommy Tremble,,,,,550.0,,
NY Giants,,,,,550.0,,
Luke McCaffrey,,,,,850.0,,
Carolina Defense,,,,,600.0,,
Denver Defense,,,,,600.0,,
Parker Washington,,,,,900.0,,
Washington Defense,,,,,600.0,,
LA Chargers,,,,,600.0,,
Trishton Jackson,,,,,1750.0,,
Detroit Defense,,,,,650.0,,
Brandon Powell,,,,,1100.0,,
Audric Estime,,,,,950.0,,
Pierre Strong,,,,,700.0,,
Tutu Atwell,,,,,1100.0,,
Jaylen Wright,,,,,800.0,,
Brock Wright,,,,,1100.0,,
Dallas Defense,,,,,700.0,,
Troy Franklin,,,,,850.0,,
Isaiah Williams,,,,,1900.0,,
Cleveland Defense,,,,,750.0,,
Jordan Whittington,,,,,1500.0,,
Ben Sinnott,,,,,1000.0,,
Durham Smythe,,,,,1900.0,,
Laviska Shenault,,,,,1300.0,,
Las Vegas,,,,,800.0,,
Jamison Crowder,,,,,1300.0,,
Sean Tucker,,,,,4000.0,,
Julian Hill,,,,,1600.0,,
Jordan Mims,,,,,1750.0,,
Devaughn Vele,,,,,1700.0,,
Ameer Abdullah,,,,,1100.0,,
Dylan Laube,,,,,1000.0,,
Pharaoh Brown,,,,,1000.0,,
Dareke Young,,,,,1100.0,,
Luke Farrell,,,,,1300.0,,
Derius Davis,,,,,1000.0,,
Kimani Vidal,,,,,1000.0,,
David Moore,,,,,2200.0,,
David Bell,,,,,1100.0,,
Jeff Wilson,,,,,2000.0,,
Devin Duvernay,,,,,2000.0,,
Ko Kieft,,,,,1750.0,,
Bub Means,,,,,1750.0,,
Ian Thomas,,,,,1100.0,,
Kenny McIntosh,,,,,1600.0,,
Craig Reynolds,,,,,1600.0,,
Jordan Akins,,,,,1500.0,,
Sione Vaki,,,,,1200.0,,
D'Ernest Johnson,,,,,2200.0,,
Payne Durham,,,,,1800.0,,
Grant DuBose,,,,,2000.0,,
KaVontae Turpin,,,,,1500.0,,
Ryan Flournoy,,,,,1600.0,,
Colson Yankoff,,,,,2500.0,,
Deuce Vaughn,,,,,1600.0,,
Parker Hesse,,,,,1600.0,,
Jalen Brooks,,,,,1800.0,,
Tim Jones,,,,,2500.0,,
Jeremy McNichols,,,,,3000.0,,
Alec Ingold,,,,,2000.0,,
Devin Culp,,,,,1800.0,,
Robbie Chosen,,,,,1900.0,,
Brenton Strange,,,,,2200.0,,
Kendall Fuller,,,,,4000.0,,
Jamari Thrash,,,,,2800.0,,
Brevyn Spann-Ford,,,,,3000.0,,
John Stephens,,,,,3000.0,,
Jevon Holland,,,,,5000.0,,
Tyson Campbell,,,,,5000.0,,
Ryan Miller,,,,,2500.0,,
Foyesade Oluokun,,,,,5000.0,,
Sterling Shepard,,,,,800.0,,
Frankie Luvu,,,,,10000.0,,
K.J. Britt,,,,,7500.0,,
Raheem Blackshear,,,,,1400.0,,
Percy Butler,,,,,10000.0,,
John Bates,,,,,2500.0,,
Tanner Conner,,,,,2000.0,,
Hunter Long,,,,,1600.0,,
Jamel Dean,,,,,4000.0,,
Emmanuel Forbes,,,,,5000.0,,
Tyrique Stevenson,,,,,2000.0,,
Khari Blasingame,,,,,2000.0,,
Quandre Diggs,,,,,5000.0,,
Rakim Jarrett,,,,,2500.0,,
Chidobe Awuzie,,,,,5000.0,,
Chase Edmonds,,,,,700.0,,
Adam Prentice,,,,,2500.0,,
Cody Schrader,,,,,2200.0,,
Jaquan Brisker,,,,,4000.0,,
Tremaine Edmunds,,,,,5000.0,,
Amani Hooker,,,,,5000.0,,
Jordan Whitehead,,,,,5000.0,,
Bobby Wagner,,,,,5000.0,,
Christian Izien,,,,,2500.0,,
Hunter Luepke,,,,,3300.0,,
Quan Martin,,,,,7500.0,,
Darrick Forrest,,,,,7500.0,,
Jordan Poyer,,,,,5000.0,,
Chris Rodriguez,,,,,1900.0,,
Antoine Winfield,,,,,3000.0,,
Ernest Jones,,,,,6000.0,,
Benjamin St-Juste,,,,,4000.0,,
Darnell Savage,,,,,5000.0,,
Roger McCreary,,,,,5000.0,,
T.J. Edwards,,,,,5000.0,,
Kevin Byard,,,,,6000.0,,
Andre Cisco,,,,,6000.0,,
Jack Gibbens,,,,,10000.0,,
Kenneth Murray,,,,,7500.0,,
Derrick Brown,,,,,10000.0,,
Gervon Dexter,,,,,15000.0,,
DeMarcus Walker,,,,,15000.0,,
Jeffery Simmons,,,,,15000.0,,
Jack Sanborn,,,,,10000.0,,
Arden Key,,,,,15000.0,,
Harold Landry,,,,,15000.0,,
Andrew Billings,,,,,15000.0,,
Mike Sainristil,,,,,4000.0,,
Daron Payne,,,,,15000.0,,
Mike Boone,,,,,1400.0,,
C.J. Ham,,,,,2500.0,,
Jaret Patterson,,,,,1400.0,,
Eric Tomlinson,,,,,1400.0,,
AJ Barner,,,,,2200.0,,
Lucas Krull,,,,,1400.0,,
DJ Turner,,,,,5000.0,,
Ramel Keyton,,,,,1500.0,,
Ronnie Rivers,,,,,2200.0,,
Tyler Johnson,,,,,2200.0,,
Trent Sherfield,,,,,2800.0,,
Nick Muse,,,,,3300.0,,
Stone Smartt,,,,,1600.0,,
Jalen Coker,,,,,1700.0,,
Gunner Olszewski,,,,,4000.0,,
Tre'Quan Smith,,,,,1900.0,,
Nate Adkins,,,,,4000.0,,
Chris Manhertz,,,,,2500.0,,
Tyreik McAllister,,,,,2000.0,,
Mason Tipton,,,,,2250.0,,
Harrison Bryant,,,,,3000.0,,
Dallin Holker,,,,,2200.0,,
Xavier Smith,,,,,2200.0,,
Paulson Adebo,,,,,3000.0,,
Brady Russell,,,,,3000.0,,
Bryce Ford-Wheaton,,,,,2500.0,,
Mazi Smith,,,,,15000.0,,
Myles Gaskin,,,,,2500.0,,
Asante Samuel,,,,,2500.0,,
Simi Fehoko,,,,,2500.0,,
Brenden Rice,,,,,2500.0,,
Jason Pinnock,,,,,5000.0,,
Alontae Taylor,,,,,5000.0,,
Bobby Okereke,,,,,4000.0,,
Byron Murphy,,,,,5000.0,,
Jordan Fuller,,,,,4000.0,,
Xavier Woods,,,,,4000.0,,
Marshon Lattimore,,,,,5000.0,,
Deonte Banks,,,,,5000.0,,
Jaycee Horn,,,,,4000.0,,
Tyrann Mathieu,,,,,5000.0,,
Kerby Joseph,,,,,4000.0,,
Terrion Arnold,,,,,4000.0,,
Marcus Davenport,,,,,15000.0,,
Jonathan Allen,,,,,15000.0,,
Alex Anzalone,,,,,3000.0,,
Harrison Smith,,,,,6000.0,,
Shaq Thompson,,,,,7500.0,,
Nick Scott,,,,,6000.0,,
Troy Hill,,,,,7500.0,,
Pete Werner,,,,,7500.0,,
Jordan Howden,,,,,5000.0,,
Jadeveon Clowney,,,,,10000.0,,
Demario Davis,,,,,7500.0,,
Kayvon Thibodeaux,,,,,15000.0,,
Carl Granderson,,,,,15000.0,,
A'Shawn Robinson,,,,,10000.0,,
Mike Jackson,,,,,15000.0,,
Josey Jewell,,,,,10000.0,,
Shy Tuttle,,,,,15000.0,,
Willie Gay,,,,,15000.0,,
Harrison Phillips,,,,,10000.0,,
Cameron Jordan,,,,,15000.0,,
Chau Smith-Wade,,,,,15000.0,,
DJ Johnson,,,,,15000.0,,
Kool-Aid McKinstry,,,,,15000.0,,
Khristian Boyd,,,,,15000.0,,
Trevin Wallace,,,,,15000.0,,
Will Harris,,,,,15000.0,,
T'Vondre Sweat,,,,,15000.0,,
MarShawn Lloyd,,,,,400.0,,
Marquez Valdes-Scantling,,,,,4500.0,,
Philadelphia Defense,,,,,475.0,,
Atlanta Defense,,,,,475.0,,
Mack Hollins,,,,,1100.0,,
Malik Harrison,,,,,15000.0,,
Tavius Robinson,,,,,15000.0,,
Justyn Ross,,,,,2200.0,,
David Ojabo,,,,,15000.0,,
Odafe Oweh,,,,,15000.0,,
Cincinnati Defense,,,,,500.0,,
Kingsley Enagbare,,,,,15000.0,,
Ainias Smith,,,,,2200.0,,
E.J. Jenkins,,,,,2250.0,,
Beau Brade,,,,,15000.0,,
Michael Pierce,,,,,15000.0,,
Ja'Marcus Ingram,,,,,15000.0,,
Dawuane Smoot,,,,,15000.0,,
Justin Shorter,,,,,1400.0,,
Zay Jones,,,,,500.0,,
Joey Blount,,,,,15000.0,,
Von Miller,,,,,15000.0,,
Travis Vokolek,,,,,1300.0,,
Darrynton Evans,,,,,2000.0,,
Parris Campbell,,,,,1100.0,,
Nakobe Dean,,,,,2500.0,,
Roman Wilson,,,,,550.0,,
Pittsburgh Defense,,,,,550.0,,
Nolan Smith,,,,,15000.0,,
Eddie Jackson,,,,,10000.0,,
Lukas Van,,,,,15000.0,,
Samori Toure,,,,,2200.0,,
AJ Dillon,,,,,550.0,,
Cordarrelle Patterson,,,,,1200.0,,
Anthony Miller,,,,,1800.0,,
Chris Collier,,,,,2500.0,,
Nazeeh Johnson,,,,,15000.0,,
Jordan Elliott,,,,,15000.0,,
Skyy Moore,,,,,1500.0,,
Kansas City,,,,,550.0,,
DeWayne Carter,,,,,15000.0,,
Tracy Walker,,,,,15000.0,,
Renardo Green,,,,,5000.0,,
Malik Mustapha,,,,,15000.0,,
Yetur Gross-Matos,,,,,15000.0,,
Talanoa Hufanga,,,,,5000.0,,
Elijah Mitchell,,,,,1000.0,,
Ricky Pearsall,,,,,700.0,,
Brayden Willis,,,,,2200.0,,
Tylan Wallace,,,,,2500.0,,
Roschon Johnson,,,,,475.0,,
Carson Steele,,,,,650.0,,
Jalyn Armour-Davis,,,,,15000.0,,
NY Jets,,,,,750.0,,
Patrick Ricard,,,,,3000.0,,
Hollywood Brown,,,,,250.0,,
Clyde Edwards-Helaire,,,,,850.0,,
Jared Wiley,,,,,2000.0,,
Chicago Defense,,,,,500.0,,
Cam Akers,,,,,500.0,,
Charlie Kolar,,,,,1900.0,,
Josh Downs,,,,,400.0,,
Houston Defense,,,,,450.0,,
Baltimore Defense,,,,,550.0,,
Deonte Harty,,,,,2500.0,,
Indianapolis Defense,,,,,450.0,,
Tennessee Defense,,,,,600.0,,
Devontez Walker,,,,,1400.0,,
Travis Jones,,,,,15000.0,,
Buffalo Defense,,,,,3900.0,,
Jamal Adams,,,,,10000.0,,
Xavier Gipson,,,,,700.0,,
Collin Johnson,,,,,2200.0,,
Green Bay,,,,,600.0,,
Darnell Washington,,,,,1200.0,,
Jordan Mason,,,,,850.0,,
Montez Sweat,,,,,10000.0,,
Arizona Defense,,,,,4500.0,,
Malachi Corley,,,,,1300.0,,
San Francisco,,,,,650.0,,
Allen Lazard,,,,,900.0,,
Calvin Austin,,,,,1100.0,,
Bo Melton,,,,,950.0,,
Isaac Guerendo,,,,,1400.0,,
Zach Pascal,,,,,4500.0,,
Will Shipley,,,,,2200.0,,
Jermaine Burton,,,,,750.0,,
Malik Heath,,,,,800.0,,
Jeremy Ruckert,,,,,1200.0,,
New England,,,,,800.0,,
Mo Alie-Cox,,,,,850.0,,
Nick Westbrook-Ikhine,,,,,1300.0,,
Tyler Goodson,,,,,2500.0,,
Casey Washington,,,,,1200.0,,
Charlie Woerner,,,,,1400.0,,
Trey Sermon,,,,,1400.0,,
Dameon Pierce,,,,,1000.0,,
Grant Calcaterra,,,,,2000.0,,
Elijah Higgins,,,,,4500.0,,
Johnny Wilson,,,,,3000.0,,
John Metchie,,,,,1100.0,,
Deneric Prince,,,,,1100.0,,
Robert Woods,,,,,1100.0,,
Velus Jones,,,,,1100.0,,
Tyler Scott,,,,,1200.0,,
Tanner Hudson,,,,,1200.0,,
Tip Reiman,,,,,4500.0,,
Jase McClellan,,,,,1200.0,,
Josh Whyle,,,,,1200.0,,
Isaiah Davis,,,,,1800.0,,
Drew Ogletree,,,,,1200.0,,
Trayveon Williams,,,,,2250.0,,
Scotty Miller,,,,,1500.0,,
Charlie Jones,,,,,1300.0,,
Emari Demercado,,,,,4500.0,,
Brenden Bates,,,,,2800.0,,
Quintin Morris,,,,,4500.0,,
Ronnie Bell,,,,,1500.0,,
Chris Conley,,,,,1500.0,,
Xavier Weaver,,,,,2500.0,,
Avery Williams,,,,,2200.0,,
Ben Sims,,,,,2500.0,,
Eric Saubert,,,,,2200.0,,
Jacob Cowing,,,,,1750.0,,
Keaontay Ingram,,,,,1400.0,,
Marcedes Lewis,,,,,3000.0,,
Reggie Gilliam,,,,,4500.0,,
MyCole Pruitt,,,,,2500.0,,
DeAndre Carter,,,,,2800.0,,
Jake Tonges,,,,,2200.0,,
Israel Abanikanda,,,,,2500.0,,
Connor Heyward,,,,,1900.0,,
Britain Covey,,,,,2200.0,,
Thomas Odukoya,,,,,1700.0,,
Cade Stover,,,,,2200.0,,
Xavier Hutchinson,,,,,1800.0,,
Ashton Dulin,,,,,2200.0,,
Erick All,,,,,2500.0,,
Drew Sample,,,,,1800.0,,
Julius Chestnut,,,,,2200.0,,
JaMycal Hasty,,,,,1900.0,,
Keisean Nixon,,,,,1800.0,,
Jason Brownlee,,,,,1900.0,,
Tanner McLachlan,,,,,2000.0,,
Kenny Yeboah,,,,,2000.0,,
Dare Ogunbowale,,,,,2000.0,,
Steven Sims,,,,,2000.0,,
Irvin Charles,,,,,3300.0,,
DeeJay Dallas,,,,,3500.0,,
Ellis Merriweather,,,,,2000.0,,
Jha'Quan Jackson,,,,,2000.0,,
A.J. Terrell,,,,,4000.0,,
David Martin-Robinson,,,,,2200.0,,
Anthony Gould,,,,,2200.0,,
Patrick Taylor,,,,,3000.0,,
Travis Homer,,,,,2800.0,,
Will Mallory,,,,,2200.0,,
Ross Dwelley,,,,,2500.0,,
Dallis Flowers,,,,,2500.0,,
Justin Simmons,,,,,4000.0,,
Trent McDuffie,,,,,4000.0,,
Donte Jackson,,,,,4000.0,,
Kayshon Boutte,,,,,2500.0,,
Chris Moore,,,,,4500.0,,
Darius Slay,,,,,3000.0,,
Julian Blackmon,,,,,2500.0,,
Fred Warner,,,,,6000.0,,
Rasul Douglas,,,,,4000.0,,
Ji'Ayir Brown,,,,,3000.0,,
L'Jarius Sneed,,,,,4000.0,,
Kyler Gordon,,,,,5000.0,,
Nick Vannett,,,,,2800.0,,
Jessie Bates,,,,,5000.0,,
Reed Blankenship,,,,,4000.0,,
C.J. Gardner-Johnson,,,,,5000.0,,
Minkah Fitzpatrick,,,,,5000.0,,
Isaac Yiadom,,,,,10000.0,,
Xavier McKinney,,,,,4000.0,,
C.J. Mosley,,,,,10000.0,,
DeShon Elliott,,,,,5000.0,,
Taron Johnson,,,,,4000.0,,
Chamarri Conner,,,,,5000.0,,
Kyle Hamilton,,,,,3000.0,,
Jaylon Johnson,,,,,7500.0,,
Justin Reid,,,,,5000.0,,
Javon Bullard,,,,,5000.0,,
Brandon Stephens,,,,,4000.0,,
Jaire Alexander,,,,,4000.0,,
Taylor Rapp,,,,,6000.0,,
Marcus Williams,,,,,5000.0,,
Joey Porter,,,,,5000.0,,
Sean Murphy-Bunting,,,,,4000.0,,
Sauce Gardner,,,,,5000.0,,
Patrick Queen,,,,,7500.0,,
Charvarius Ward,,,,,4000.0,,
Budda Baker,,,,,6000.0,,
Deommodore Lenoir,,,,,5000.0,,
Jalen Thompson,,,,,5000.0,,
Damontae Kazee,,,,,7500.0,,
Roquan Smith,,,,,5000.0,,
T.J. Watt,,,,,7500.0,,
Bryan Cook,,,,,4000.0,,
Mike Hughes,,,,,10000.0,,
Marlon Humphrey,,,,,6000.0,,
Eric Stokes,,,,,7500.0,,
Richie Grant,,,,,10000.0,,
Quincy Williams,,,,,5000.0,,
Quay Walker,,,,,6000.0,,
De'Vondre Campbell,,,,,7500.0,,
Terrel Bernard,,,,,6000.0,,
Christian Benford,,,,,5000.0,,
Kaden Elliss,,,,,7500.0,,
Jaheim Bell,,,,,3500.0,,
D.J. Reed,,,,,6000.0,,
Kyle Van,,,,,10000.0,,
Elandon Roberts,,,,,10000.0,,
Nick Bolton,,,,,6000.0,,
Nate Wiggins,,,,,10000.0,,
Alex Highsmith,,,,,10000.0,,
Matthew Judon,,,,,10000.0,,
Mike Edwards,,,,,6000.0,,
Drue Tranquill,,,,,7500.0,,
Kyzir White,,,,,10000.0,,
Isaiah McDuffie,,,,,10000.0,,
Dennis Gardeck,,,,,10000.0,,
Trenton Simpson,,,,,10000.0,,
Dorian Williams,,,,,7500.0,,
Garrett Williams,,,,,10000.0,,
Carrington Valentine,,,,,15000.0,,
Greg Rousseau,,,,,10000.0,,
Mack Wilson,,,,,10000.0,,
Cameron Heyward,,,,,15000.0,,
Grady Jarrett,,,,,15000.0,,
Miles Killebrew,,,,,15000.0,,
Lorenzo Carter,,,,,15000.0,,
Zack Baun,,,,,10000.0,,
Chris Jones,,,,,10000.0,,
Austin Johnson,,,,,15000.0,,
Troy Andersen,,,,,15000.0,,
Beanie Bishop,,,,,15000.0,,
David Onyemata,,,,,15000.0,,
Arnold Ebiketie,,,,,15000.0,,
Dante Stills,,,,,15000.0,,
Nicholas Morrow,,,,,10000.0,,
Justin Jones,,,,,15000.0,,
Leo Chenal,,,,,10000.0,,
Clark Phillips,,,,,15000.0,,
Ed Oliver,,,,,15000.0,,
Mark Robinson,,,,,15000.0,,
Bryce Huff,,,,,15000.0,,
Quez Watkins,,,,,1200.0,,
Devonte Wyatt,,,,,15000.0,,
Eric Wilson,,,,,15000.0,,
Brandon Graham,,,,,15000.0,,
Kenny Clark,,,,,15000.0,,
Preston Smith,,,,,15000.0,,
Rashan Gary,,,,,15000.0,,
Evan Williams,,,,,15000.0,,
Jalen Carter,,,,,15000.0,,
Kendric Pryor,,,,,1700.0,,
Milton Williams,,,,,15000.0,,
Kevin Harris,,,,,2200.0,,
Drake Maye,,,,,450.0,,
Jonathan Owens,,,,,15000.0,,
Jalen Reagor,,,,,800.0,,
A.J. Epenesa,,,,,15000.0,,
Mitchell Wilcox,,,,,1500.0,,
Edgerrin Cooper,,,,,15000.0,,
Zaven Collins,,,,,15000.0,,
Kaiir Elam,,,,,10000.0,,
Chris Evans,,,,,1800.0,,
DaQuan Jones,,,,,15000.0,,
Cam Lewis,,,,,15000.0,,
Roy Lopez,,,,,15000.0,,
Chris Blair,,,,,1400.0,,
Isaiahh Loudermilk,,,,,15000.0,,
Jalen Elliott,,,,,15000.0,,
Jelani Woods,,,,,600.0,,
Evan Hull,,,,,2200.0,,
Laquon Treadwell,,,,,1200.0,,
James Smith-Williams,,,,,15000.0,,
Leonard Floyd,,,,,15000.0,,
Nick Bosa,,,,,15000.0,,
John FitzPatrick,,,,,2000.0,,
Demetrius Flannigan-Fowles,,,,,15000.0,,
Antonio Hamilton,,,,,10000.0,,
Dez Fitzpatrick,,,,,2000.0,,
La'Mical Perine,,,,,1900.0,,
Curtis Robinson,,,,,15000.0,,
Maliek Collins,,,,,15000.0,,
Keeanu Benton,,,,,15000.0,,
Zach Harrison,,,,,15000.0,,
Javon Hargrave,,,,,15000.0,,
Tershawn Wharton,,,,,15000.0,,
George Karlaftis,,,,,15000.0,,
Mike Danna,,,,,15000.0,,
Larry Ogunjobi,,,,,15000.0,,
Ta'Quon Graham,,,,,15000.0,,
Nnamdi Madubuike,,,,,15000.0,,
